x1,x2,x3,y
-0.13370054285283572,0.6543980066716755,0.33415317968381264,0.5419068913574205
-1.0,1.0,0.6889193789463692,0.5173493060627998
0.9388182609835092,-1.0,-0.5396269613227542,-9.846453710818176
-1.0,-0.20940418001082395,0.08458608879693874,-3.873808110606776
0.09362129260240648,0.15086151576037277,-1.0,-3.422872252102813
-0.0417865938961286,0.7034394294187876,0.1000131277170282,0.7621247602734085
0.6650314494196712,1.0,-0.2795643168675481,10.999099467104505
-1.0,0.01058536087291917,0.7543538465500688,-2.881632375246477
-1.0,0.38265344494091,-0.15574807555111891,-3.595102736913872
-1.0,-1.0,-0.2505613685023409,5.987076286312865
-0.46855031843838413,0.06462917072239294,0.2692812358319385,-0.3776708556681739
-1.0,1.0,0.02008569376857916,7.332546126213899
-1.0,-0.41625727810513413,-0.557298810554473,-0.7884804343250936
-0.7313772291118112,-0.015847119019462008,-0.44561712501153417,-0.5203765681510144
0.9341249777740033,-0.09855077825737779,-1.0,2.594572947960411
0.36668227726865754,-0.3404253619456816,-0.7182337948190078,0.16471074608287983
-0.017148329865902312,-0.566981135023285,0.14425221349204498,1.3720849596412092
-0.16855981164394795,-0.16332618290888212,-0.5266199433417862,1.2385466883969363
0.448810755699929,0.44962152170573844,0.5779272493963368,1.9344358474912298
-0.9055354758396723,0.5611388655763467,0.27455773947413076,-3.9008048069369594
0.9129090178460291,0.0906253874225853,-0.13781260365871617,3.288928760738912
1.0,0.318950809560836,-0.0056009405989505545,5.253957872747192
0.20994512375789465,-0.7505075877033909,0.8699894902949417,-1.474222892666726
-0.22593059889253775,1.0,-0.09600983044111167,7.388642883555354
-0.5855450999058234,-0.0060370927627777515,0.1238508429534082,-0.40141812957273015
-0.9752684068521762,0.08849913325254688,1.0,3.256082962141009
-0.4159495221003162,0.6899774866008119,0.39852289144518993,-0.09974928899262905
-0.1358641479363627,-0.25193241836401103,0.022651234886493343,0.6829447300648025
-0.29226832841591044,-0.9233684577916212,0.48558445876858536,2.1518809519549773
0.19673333299165874,-0.6574897076188382,-0.621931059599244,0.37865313963717795
-0.8684613796865059,0.2540643074219806,-1.0,7.331936189934045
1.0,-0.9240682284212665,-0.09154449004008258,-2.5282694897678812
-0.25125464283688337,-0.9560891808363912,0.5865714728783928,0.9402622541568622
1.0,-0.060875091028963935,0.2794323886103438,5.189194948768315
0.9662207653645669,-0.556716600371346,0.6431106259787078,4.17237464602817
-0.4343047994257423,0.06515374039169464,-1.0,-0.9546079269044767
0.4586274513283295,-1.0,-0.07743225571436829,0.03720207863699465
-0.7225775340813132,0.10990217023603499,-0.27877940636276644,-1.2530463734930524
1.0,-0.8825090597310508,-0.5000711876430328,-1.6577655006244196
-0.7380970309550443,0.40514402325190213,-1.0,1.2872522364790138
0.7135110220664245,-1.0,-0.31520000475350507,-3.4879216666329618
0.8980155321097765,-0.4068868521155369,-0.9493529377266141,-0.30305615341449976
0.18870532412360164,-1.0,-0.26481982210054555,1.5713064726653472
0.7195174514333256,0.4221001188792337,-0.061374609803423796,1.8473541784836318
-0.5760376836275052,-0.5605749048636046,0.4174179682546002,1.4387909566743877
-0.8729726042675445,-0.6207139369358878,0.04123908958470457,1.7779463377819753
-0.2806061492363958,-0.7659831138646569,1.0,-1.9673137820443651
0.15737688489465507,1.0,-0.16687619710886903,9.513396812401911
-0.4320925645103437,-1.0,0.13988909918137304,3.1611847146031753
-0.39877759416538217,0.7620213984914872,-0.2550157030618878,0.13614971758888655
0.3365149263397611,-1.0,-0.05358315249224277,1.5375178911606735
1.0,0.8862591741258181,-0.6916254413965803,15.475981515966705
-1.0,0.09719383609608534,-0.37208548660836205,-3.6401193261933225
1.0,-0.0041234459365895315,-0.9646765187104438,7.568727799789051
0.601833375500016,0.09283348691123594,0.7078459389690219,1.404046835623555
-0.23167119561133398,-0.754451374999239,0.4144262488692192,1.2224966948012252
-0.5476048677582195,1.0,1.0,15.989040198621232
-0.9397659026069543,-0.7370663373797735,0.7835850903643244,7.524350945639122
1.0,-0.030594342162460375,0.1932031212263654,5.314404527284893
0.5129732344555407,0.7107262556762397,-0.5134212500778892,1.8623615595915435
-0.707675843705309,-0.8195492050767905,1.0,3.8296300901083726
0.92431275256955,-0.8882462961804478,-0.7785733280557536,-5.50590081965564
-0.1919110325422635,0.34949399667123826,0.1309822759269379,-0.3958244572829719
-0.25389816874297333,-0.3154180554286661,0.8012049121507263,-0.075121368638226
0.8425296363189168,-0.9502185576961486,0.9210297682202853,-3.293021254274262
-1.0,1.0,-0.19996542269786644,10.024509077831986
-0.2843291625248727,-0.7778185160342646,0.12914217194727962,1.6202326789998431
0.09319536570928344,0.20824654993972125,-0.5915154123614992,0.6579159549589382
0.238794735101993,0.5771160170298137,-0.9020934058042156,-1.2299187427034701
0.05400992140495853,0.17093707291816607,-0.7085112330297296,-1.0658928523991005
1.0,-1.0,0.17583075520252578,-7.698130406398337
-1.0,0.6942197271563453,0.21328675127066532,-2.5182467099344725
-0.1665431728672775,-0.09126558181535649,-1.0,-3.189934533190995
-0.6692764375937188,0.21653504932315437,-0.515832137481798,-0.15777322761669044
0.3983790889962904,1.0,-0.17067392105904533,9.178514660801929
0.05935182914940018,-0.2885512157425898,0.3600423735827136,1.6773144158188869
-0.8791157376308096,0.7122479581331258,0.21567861040612724,-2.3675507346270486
0.14264173488800047,0.39699716669287,-0.33357797249863763,1.3741954953723954
0.05562572649281328,0.8916115650066863,0.44772617699994965,4.436034447365808
-0.31741195687065105,0.8186864966524279,-0.4191501011827492,0.9195728440066931
-1.0,-0.8829029271765827,-0.3699559765689049,4.278496544277026
-1.0,0.2826692251084231,0.4170546515670319,-4.986075393444498
1.0,0.1744263776755881,0.6764708001532762,9.207826390997575
1.0,-0.9631499554505405,0.2915485290012556,-5.177511382831854
0.02110813521537036,-1.0,-0.854331834794458,-9.01711625006256
-0.08434346445740748,0.0449998226609718,0.8753516244446482,-0.15568931734323543
-1.0,-0.7828606516270606,-0.2234091623963692,1.787687279958238
-0.1599189342035623,-0.40429902893987046,-0.9155570242497015,-2.1946926661136894
-1.0,-0.6011964412274065,-0.03624497448787256,-0.5524102073039132
1.0,0.39813081790903126,-0.5933743120546662,5.375702101031914
0.24714322246190767,-0.5126371269535281,-1.0,-6.794144971020292
0.6132925933134796,-1.0,0.20806757612848692,-0.7828389513785917
0.06563915860917025,-0.05300139243731783,0.7129714614153864,0.01421205068074613
-0.9860722572976286,0.800730294686848,0.15199132202283638,-0.3352186824951892
-0.41055072193568054,0.8647959863957368,-1.0,-3.9046127813511506
-0.5984244628467095,-0.3540506549378155,-0.9821203186156175,-0.05193184220739931
1.0,0.2548332381948728,-1.0,10.054765179751557
-1.0,-0.32955705751774134,-0.2326303673293253,-2.3224394994066797
0.4986662372440793,1.0,-1.0,7.057395660424947
0.7836655076888941,0.9738206117596175,-0.16891743270673798,8.619880766238156
-0.5888280838059434,0.6795368716600567,1.0,6.9353413095896075
-1.0,-1.0,-1.0,3.1103689132913463
0.9430059922085547,1.0,1.0,21.95683277528476
0.6761506693504662,0.014230606051517825,0.8171683735295034,1.7854266285425797
0.5298000510776586,0.6547355525833569,1.0,5.141952813823316
-1.0,0.7737929136473041,1.0,10.349567995200339
1.0,-0.015730962340886778,0.30505072277354484,4.8906157972083735
0.30681496302998745,-1.0,1.0,-6.68448166224778
-1.0,-1.0,0.5717557909326652,13.164503536897417
0.32922470664744097,0.6375290361580164,-0.41653631216843556,1.294624058647746
-0.5775339671875905,0.9489809727855445,-0.28996924230562837,3.4996637089486202
0.07430262719196068,-1.0,0.5156840915265695,0.8507443310438976
-1.0,0.25395509267644534,-1.0,14.41130534426774
0.284477293135851,0.2845162001538941,-0.6498755484308623,0.5719537958439345
-0.42620260709194313,0.23393644548265002,0.43438743460359963,-1.2518148987235163
-0.85797685762272,-0.17747256775410292,-0.6695529698381331,0.5976376118571498
0.12525450575976227,0.442638981463074,-0.8763341797201218,-0.278191959211048
-0.35326194873768224,-0.19727054849757786,0.24788112925172623,-0.12539646714934707
-0.15676783481439527,-0.41497983923482384,-0.6077632065125995,0.5780334487949024
-0.46936570756106843,0.09690661685748725,0.13555051612926783,-0.8462686843085228
0.7323131037867452,-0.3477272306452466,-0.6582328534100965,1.73979673441147
-0.46226881518287755,0.41852431099326237,1.0,4.463790365093349
0.363383478072973,-0.5855460854097456,0.429476015371941,1.084395754760694
-1.0,-1.0,-0.8488484858676535,2.98940428488669
-0.7785841821020807,0.3941542143424166,-0.1941957874060236,-2.4194795262527933
-1.0,-0.39777866580142596,1.0,6.902281298228661
-0.5595228190499801,0.7571198137066235,0.37621783748768833,-1.0450847606863394
-0.7067408189036326,1.0,0.7324915590896044,5.030380306341864
-1.0,0.128967921208196,0.4234740676560951,-4.311524870113058
-0.7397355509992232,1.0,1.0,15.4556934392257
0.7450559469822522,0.11763328576802312,-0.24583268814282344,1.6112043682131036
0.2881610794324927,0.3593239706496907,1.0,1.9307297063216438
-0.566800344972691,-0.7501829458819989,0.5808590551279065,1.5175533515980442
-0.48531579058889895,0.40819328782724273,0.2814944640390764,-1.5991438843056756
0.9027582239292784,0.6189688993349498,0.5502555656459265,7.29814764130102
-0.566428828856286,0.5703509058213658,-1.0,-1.93798800327124
-0.11806412483355633,-0.615050186744335,0.33414815886521,1.1553409364182894
0.7870541802611664,0.29512746094605635,1.0,6.086060479417145
-0.5550360603083111,0.5122739285224749,-0.6752735652600135,-1.9972417660405015
0.8415613746896686,0.13077201651014514,0.2505866245890247,2.642725586348088
-0.3652840861891793,0.13860311371972545,0.7327970021730323,0.019857781966804988
0.28316789611362303,0.07954756588885292,0.8486635317455051,-0.5671384552363533
0.12943552264280167,0.04235753050235602,0.9100341643583201,0.02830049577124144
-1.0,-0.32443174267765285,1.0,6.843157518000554
-0.46975590839603765,-0.6329943902354693,0.46310557434757826,1.0337708311420477
-0.5028042727028101,0.18218519438283853,-0.2303899920953445,-1.0303216666569162
0.7207598232637322,-0.6976885420378232,0.6472359708723747,1.367620048768114
-0.8354267589268136,-0.0403419485151586,-0.18143465046976126,-1.3313414141462063
-0.3326228640643374,-0.26280855299198036,0.4798032683673039,-0.1207694057432388
-1.0,-1.0,0.2863806042555721,10.253802520177372
0.9224299477628588,0.09007389791893239,0.2586165017627704,4.4709432259634205
-0.18755044694145684,-0.22234517613772242,0.44525531099724813,0.20936216620133868
0.4560757911159641,0.3340241179154997,-0.5699159765046389,0.6739956911786938
-0.6768173281478265,-0.863665808135099,0.4025904863703673,3.7659384945769427
-0.18684950516462684,1.0,-0.06565062981229453,7.207254003428855
1.0,0.4107110922814792,-0.7850022641059142,8.120190863752484
1.0,0.08237803026373003,-0.9601888574965156,8.532047493309111
0.08955017770949203,1.0,1.0,11.9405781228835
-0.2859917821968343,-1.0,0.9539200551213538,-3.8029838304592514
0.2544517991997244,-1.0,0.4852373249419508,0.12756639581846407
-0.35500800187649695,-0.037163957386766144,-0.8530899563402023,-0.1434393762370414
1.0,-0.7302538212890464,0.21709856261926186,1.3714795040203878
0.08906876441694189,1.0,0.8396164477497423,10.52108932298079
0.10996444740929823,-0.010641791772419973,-1.0,-3.057368200376936
0.5313255339459608,-0.18850072664829476,-0.3534089639662352,1.5827315272420077
0.8417617642248634,1.0,-0.17873733870490494,10.913923279292565
-0.7893742370509291,0.14065664980531944,-0.3926041853058546,-1.5001622664165886
1.0,-0.7983139658987495,0.8010714732371851,1.3837547955722238
-1.0,-0.2999835548418974,0.4165543368132236,-2.5351732757807124
-0.380924837934262,-0.7431493582675877,0.18459033411598047,1.838096580723036
-0.25987585877918473,1.0,-0.9716936414240538,3.1734053108437545
1.0,-1.0,-0.9461310469781548,-24.50219927154961
0.5249099330000662,-0.5771686622531897,0.4903243168413547,0.2415200581382947
-0.07508025164962673,-0.16975298024685537,0.586933937630117,0.25339779313620747
-1.0,-0.08568208617012107,1.0,4.004868745571749
-1.0,-0.521462647726801,-0.1396995656695501,-1.819937365801116
-1.0,0.4859952547588309,1.0,4.810484150795335
-0.9918220734930512,-0.708517061844226,-0.1873083878738495,0.7407784352076754
0.25048428263780287,-0.05388376155444208,0.7353585207516367,0.6024754326675467
0.7376771156790272,-0.04419837168716323,-0.3984466647460807,1.8248245252760789
0.7747604975825932,-0.6578220158390042,-0.1620181613473035,1.346362497553642
-0.11607838774274115,1.0,1.0,13.284104748171766
-0.04881098198342215,-0.06396936776758588,-0.30354475802699277,1.0936594017415548
-0.2209222972569309,1.0,-0.16203466725556748,7.97140564965554
1.0,1.0,-0.316467196820444,17.420339374243838
-0.5975734239249644,-0.26785735472358607,-0.7214792190429153,-0.14537323751278142
0.28159600062811796,0.4636381652698929,0.8144170267836814,1.6329285137195957
-0.23769515900800675,-1.0,-0.5351095121432716,0.36525201691751136
-1.0,-0.8360253456667248,-0.8105786345356709,2.2245373795208945
0.1006727059636392,-1.0,0.1345828598798382,1.995150876063545
0.6472483706249879,-0.7791557241944183,-0.07061448728025277,0.3273780525902981
-0.7530218065154299,-1.0,0.3641441007456936,6.577016417393782
0.045864846044885166,-0.7623091318570294,1.0,-3.041799627927378
-1.0,0.5900512431356981,-0.023837160025196535,-1.9509493458020617
-0.6620974437559393,1.0,0.7830782575537865,6.755980465823114
1.0,-0.5652375641430547,-0.9892571297823216,2.0111041536762917
0.10688368637164714,0.5026071602948676,-1.0,-4.145147785574084
-0.09354848857281484,-0.4616650293808884,-0.09665236357045481,0.8526266885542386
0.9906450085334852,-0.11181536717166085,0.8536953464668326,7.721870086698852
0.8253277878337222,-0.16633975222819086,-0.14428762974510212,1.4829863955813916
-0.18540373132978005,-0.5683706526895385,1.0,-0.2801604990231906
0.982789439642622,-0.4515795758067367,0.04327850481157136,3.9379027664900703
-0.06480648170614756,-0.8323287283509526,0.19739911774921381,1.7864278758162577
0.450475734601119,0.3291305500271291,1.0,2.0398721140358793
-1.0,-0.28145297361579646,-1.0,8.150926457519226
-1.0,-1.0,0.05998506554882099,7.608152689162514
0.03990779013473755,0.13091919021471443,0.3705597829127505,0.08218071261991516
-0.7593134732889599,-1.0,-0.5845899433516477,2.1178225311379317
0.28950283707370406,-0.787129693250004,-1.0,-10.201546214113847
-0.15289985645507786,1.0,0.4952936295329109,7.0290505749710785
0.9138174980310383,0.4287612703129662,0.1650659961457881,4.158979013503157
-1.0,0.3098957253389829,0.28633009630062856,-5.430350998810381
-0.00439360778898612,1.0,-0.14706578743406262,8.211686242032926
-0.08559566301581878,-0.006822026059754016,0.9972913135956702,-0.07603403267990849
1.0,0.7531315610003526,0.005156145375182053,8.159846253993937
-0.7114546354759879,0.345633678090435,1.0,2.327751814441675
-0.36031073180878415,-1.0,-0.6344528189465017,-1.0858249172587497
-0.19385271778366064,0.026375118054278612,0.37099673220536933,0.12397355533801988
0.2924628173044168,0.009841466869301208,-0.43037022879620235,1.5622262459393488
-0.7061991880869534,0.11295062582768822,-0.5533612660550105,-0.44237870372815685
0.3548940719778504,-1.0,1.0,-7.137158209191184
0.5343621992633201,-0.510182216722493,0.5050129951737208,0.30769815745522133
-0.7482955488212808,-0.3422436144824639,-0.5982800639286145,1.2306028863474145
0.5857542296790046,-0.5700583574071085,0.5557769765697125,1.287981851142897
0.3824191413149771,0.9092544535572742,1.0,7.649805344463326
-0.3868731885821186,1.0,-0.6730253564072373,5.975685966985808
-0.3664414259875124,-0.28827201129497193,0.05869750375220795,0.082589531357042
-0.21332398342553138,0.010800794507280997,-0.16205064767085275,-0.2694220537479671
0.08262993080697334,-0.7580580535764685,0.9645589986855645,-3.4021462334246895
0.8683326969120371,0.20615138277764444,-0.004661962494699301,3.013480862734189
-0.4530547121386219,-0.21286562804470188,0.04135399416482799,0.23892182764677478
0.2419186693104749,-0.46119891207488806,-0.5888169233896678,0.1589844293881223
-0.344944637231797,0.27710488212550377,1.0,2.2380816077696077
-0.7685505229510803,-0.28811176751174283,0.3633184770021598,0.14701348728264957
-0.36268558557245023,-0.13464103485120282,-0.1439888797047486,0.13870030390940094
-0.2172923220660934,-0.8878733581630205,1.0,-2.480294617635652
-0.5852648578215276,-0.5343603940308495,0.763521780146406,0.2644515502608681
-1.0,-1.0,-1.0,2.993066537081291
1.0,-0.9492344850611665,0.5225045559913439,-2.9073050493483956
-0.39614375432105065,-0.160650681517027,0.34757845823198963,-0.7115372622610971
0.38605146950546154,-1.0,0.6717167553950709,-1.5933317089013745
-0.9553510287763345,-0.3493584092885569,1.0,5.025286952729642
0.8301930139589004,-0.019155527139256945,-0.4979225728398051,2.8913149907120688
0.5639110391161588,-0.05920191884030612,0.4389010068865331,1.0806098431309308
0.49596802279701846,0.2289010627520336,0.2813580404157847,1.0325552104897262
0.5467240561352795,0.47786325293286325,-1.0,-2.6008909364503334
0.4488505192802543,-0.3084614595825459,0.6153503327549084,0.8457901961435864
-1.0,-0.20584636324114225,-0.02118216681493279,-3.341924824033627
0.006913208061404497,0.15445300059853473,-0.41673704252541843,0.9566571254944813
0.5380756607864463,0.9895779189518985,-0.44399260486742564,9.80379096304409
1.0,-0.652995629624026,-1.0,-0.9993244703294542
-0.6767254391217832,-1.0,1.0,2.103783796397471
0.43851852686544124,-1.0,-0.5134996454113827,-2.747304545541405
1.0,-1.0,0.8721124923018462,-6.9722374048780535
-0.1490172761606039,-0.003429656786407609,0.6173759952031412,-0.022092720813865364
-1.0,1.0,-1.0,21.46057096123887
0.16558125003179502,-0.2631931231696345,0.816572308540934,-0.3493037958749992
-1.0,-0.9890591555742738,-0.531525223712964,5.510802478808578
0.5059732602008709,1.0,1.0,9.91576095535512
0.5075620659909543,-0.9969525786260593,0.41506951206872467,0.7470214260403178
0.2528622803761147,-1.0,0.15441949548667555,1.2030786581074429
0.3377289658671878,-0.49449898516838275,1.0,-2.411312100987415
-0.45078051136546926,-0.5819624617316912,0.036234517599792015,0.8496515350071585
0.2414020593854529,1.0,-0.5373373747105836,11.101553763423258
0.2370347360941405,0.29072488839145505,-0.23983255467902476,0.2724929336108234
0.7204897833028454,-1.0,0.2781612969242071,-1.0467271734568702
-0.5878951209314804,0.4650484252727851,0.22765761925456762,-1.8224925263734968
-0.2687342437599456,0.6717833389166135,-1.0,-4.064267091105993
-1.0,-0.3643120701504323,-0.5389513746617289,-2.2607961723969714
-0.04146770104988251,0.5063820434723949,-0.5900692398368093,0.48245465293437745
0.6640649610234579,0.8083823888816999,1.0,9.67216026888427
-0.14549036634103873,0.04475195166464485,0.6210735901843207,-0.4282434459059922
0.43663994248304405,0.3770897857483688,-0.11428810748091545,1.012760723529913
1.0,-0.41227669170194314,-0.38368046155922264,4.138502804869193
-0.3854513384545153,-0.5279612212390814,0.35336103670635466,0.6070218673400659
-0.9284395650271107,0.4882357445683727,0.7397947001207283,-2.643525869166218
-0.5395352631512609,0.9036865237200167,0.5020382442006952,2.545330383199432
0.002986235256980052,0.1427992830787499,-0.11066451733253735,-0.6861029795233184
-0.40177352348285034,1.0,-1.0,1.1097066828512376
-0.46220274746486756,-0.18830133066637433,-0.6382640753741995,0.40797569804214107
0.2204787228945957,-0.7007921738234741,0.407266183558294,0.32077643020364144
-0.32936684461206545,0.43404066032558886,-0.4925418629014908,-0.11301329493872092
0.4693510899002531,-0.18656089441630797,-1.0,-4.9144488351818385
1.0,0.21828160002643693,-0.5678994220407498,5.993659305164743
-1.0,0.04641900326593218,-0.01650325347584758,-3.84060378848243
-0.8351557158696892,-0.8210502799655985,1.0,7.747881782073137
0.5148390482832972,0.5955589360497597,1.0,5.192866597524557
-1.0,-0.005765913110278964,-0.3681344586694988,-2.539625954865385
0.20317653103248268,-0.43148770056615926,-0.04489115582668912,0.7536131813256686
0.005143884213635763,-0.7819554930172412,-0.6861973897561624,-0.09009275091683239
-0.09514207912526862,0.3936312220738296,-1.0,-3.5020673379568743
-0.43324541962227014,-0.10925353821025974,0.2987192952024633,-0.1712381727159698
-1.0,-0.9982085703099597,-1.0,2.8201791968746814
0.9169193271860221,-0.4458698862843138,-0.12674319520589483,2.670922594105011
0.575778510079914,-0.46324078902208665,1.0,-3.532162056803218
-1.0,-0.9314922254973548,-1.0,2.8488667181772693
0.4070684897350505,-0.23211839516065158,-0.2993725246115604,1.5033638932955298
0.4371789039125047,0.20879698281736947,-0.48135943243144586,1.302300140081827
-0.7812000044774876,-0.6409745331444239,0.4339038428175992,1.6291648240512848
1.0,0.10263956460709767,-0.6025404401286281,5.463356650757823
1.0,-0.3730509965769089,-1.0,3.4621941599947545
-0.09329900338135322,0.45300086530324,-0.17311992917767616,-0.17912902314006984
-1.0,-0.45356068920325643,-0.3168816211919856,-1.329279795270919
0.29391889363079304,-0.35897243456544414,-0.17094535208707917,1.6535455217472859
0.9225979130414168,-0.560520901079739,0.24827710343215337,2.3198066566364224
-0.5241432393862195,-0.00021800937426497136,0.28117114976238744,-0.7459769045348541
1.0,-1.0,1.0,-9.52616984190536
-0.6971771431045439,-0.24755490876535036,0.24663479074619699,-0.12111573349551943
0.37193302377001025,0.11080664850640343,-1.0,-2.485115972724805
0.07089766428401156,0.43212595211837157,0.007959796564833699,0.4950385278587219
-0.10817417458640666,-0.744702973799861,-0.3808603869343903,1.292102110142701
0.6671359219108592,0.9661474295299295,-0.8098363483538764,11.074659363858908
-1.0,-0.43804498500846956,-0.06434147615227204,-2.2314175852792153
-0.8747205422476323,-0.2701915233498269,-0.8319815635066385,2.866786553042248
0.9602094685397098,-0.3402985695137368,-0.19174267984529925,3.4370230331732228
0.9409548128126863,0.25128112147855886,0.45526272053043115,6.22543097648105
0.3765655183058769,0.8908756359414918,1.0,8.010995355837727
0.0326018477938006,1.0,0.041967950887614514,7.471317585518196
0.7299742990611926,-0.4550591606274339,-1.0,-5.866741428286294
-0.4458765362544692,-0.7152188463282356,-0.8003804305375808,-1.4934705967018058
0.08363790580139341,1.0,-0.045806582706253485,9.028187888388404
0.3364640288258396,-0.08473796998762584,0.4378274238962372,1.1688945688415964
-1.0,1.0,0.22462141556062476,5.011346305922183
0.506778166397774,1.0,0.05493912658977007,8.027752221854524
-0.06271905319855309,-0.961775582638468,-0.9194136908901087,-10.965493775747058
-0.5517553908738388,-1.0,0.8525528044047761,0.9351905516604521
-0.448143107741662,0.7015420542857798,-0.3062858660767107,-0.7031771329829831
-1.0,-0.7302463508778412,-1.0,4.714436017298953
0.7440566810566869,1.0,1.0,13.75952795226646
-0.7410294241848818,-1.0,0.9109695503701623,4.280642183998304
-0.08714218022515463,-0.2590585458785366,0.630957392966532,-0.17688127972180323
-0.6532111867045398,0.29101092820023444,-0.3943418302514141,-1.085917902631029
0.826468891746976,0.08255050028405297,-0.18064217018019502,3.112977457666333
0.23475370679944318,-1.0,0.9521968454329708,-5.965625338300899
0.27438372905325714,-1.0,-0.3862624701684796,-0.4226709078319876
-0.1755567214958471,0.21277660336030935,-0.4631479373850744,0.22539678778519895
0.09771699940454215,0.24067537897332558,1.0,0.942547849049849
0.5678781764692233,1.0,-0.2381244581930999,8.991079793726223
-0.18786296436308247,0.2503289850093231,-0.03892192429296193,-0.18788119360596664
1.0,0.5281519899681653,-1.0,12.041427135559836
-1.0,-0.327021200304511,0.2093839583546626,-1.5836037588782566
-0.33885284123493364,-0.12040181884588352,-1.0,-2.186356459112241
-0.17626650560822066,-0.23159268698339175,-0.6165841881312519,1.3120052545993155
-0.5356026919525774,-0.6752395530187421,0.0627753509877671,2.1650218561395116
-0.8291224060130806,0.4741779826014041,0.667732828153424,-2.9636013582030363
1.0,0.8466957955901233,1.0,27.04262744833199
0.5739578507039915,-0.9971712625316607,-0.1991749529674154,-1.7311752300170848
-0.6408200856492263,0.3469434510581968,-0.03470888507098424,-1.9581461229559851
0.31681418162809405,0.9744448857021124,-1.0,3.2555575985480716
-0.33520000334352296,-0.7584064839292002,-0.1037558505530305,1.6909085987679824
0.3323209221982113,-1.0,-0.4393318672865725,-0.2196971396043953
-0.3443196989107833,-0.7378519318826984,-0.7532963860381106,-0.9795512363622014
1.0,-0.03025540928331183,-0.891019275970417,6.9222757550802765
-0.12930879714252042,0.3232625837286236,1.0,2.1765260454379085
-0.505955512302259,1.0,1.0,16.04207277288244
-1.0,-0.9110697379104005,-0.018517692808827313,5.587989604107965
0.9752106552628972,0.30215040162175066,1.0,16.824872679250454
-0.6822933877903079,-0.1225541033889217,-0.7521186491170921,0.7479498600510374
0.8287085891270354,0.2835134032436746,-0.10884707891807599,3.269586624277309
0.6628969749426981,-0.10509395520418452,-0.9484889330715094,-0.7272596203572428
-0.1912703594283176,1.0,0.3835023020063326,7.224922286701111
0.6413239817609262,0.5892489364767295,-0.3168485630144382,1.8390218142372194
-1.0,0.49941713241398933,0.09923322145069324,-4.7036944972562
1.0,-0.9332613625306079,1.0,-5.178113546977533
-1.0,0.044115804132272896,-1.0,11.875651843411367
0.30929505108649225,0.06814887612384757,-0.4269909724041925,0.4869023370298923
-0.1234047943952985,0.0811629322028431,0.607122419524819,0.5405766738320201
0.11046124302660298,0.7812353947914721,0.9176939040126284,5.264010480435638
-1.0,-0.506103724858239,-1.0,5.333292862068608
0.5560965656586578,0.5042154399899201,0.4040089748802036,1.7534097039139154
0.38902536174062763,0.11902847131245675,-1.0,-3.4056640156698434
-0.7070290060434972,-0.07879275803873376,0.14043881506358713,-1.5772491835668259
-1.0,0.15907254616638755,-0.3319052653295813,-3.017027314102538
0.27692311932073355,-1.0,-0.7456830651841486,-6.514897201904781
0.5148903223387755,1.0,-0.5732316703809506,11.329894687265199
1.0,0.7285529510627751,-1.0,17.048482485502873
-0.8215145072475705,-1.0,0.5682589328725951,8.19790311382755
-0.25377479497631206,0.7146243434234176,-1.0,-3.3539090939553975
1.0,-0.6272391623878475,-0.7790644791026446,4.601241454301776
0.5948727080900817,0.4546024788865386,1.0,4.843347746982126
-0.05852199749765696,0.19504943360345117,-0.9743528594071853,-1.6548417837960887
-1.0,-0.6840403253257468,-0.23564051619836235,1.1091027502979793
-0.23177041047661384,0.06656870940074522,0.6572022351248985,0.12788823420069256
1.0,-0.8998451249642694,-0.45207436653665756,-1.9413801293024129
0.27876959306211413,1.0,-0.4962307765929188,11.030390244965012
-1.0,0.03578643632115308,0.08483606313805625,-4.451166561942627
-0.22663795827615107,-0.1360946513885588,1.0,0.7212478735585173
0.04626052552002391,1.0,0.3360648401848165,6.603706487673996
-1.0,1.0,0.4515563868325918,2.254751165097074
0.029334390704429447,-0.15611522924350263,-0.11380385632556367,1.8645400482795842
0.9570874569131411,0.6037682436909202,-0.028149152042080017,5.144135724467596
0.33526780239824205,-0.7174523846412117,-0.4821581452685242,0.7360440738778615
0.9004087366948741,-0.16892079740536858,1.0,5.563072823977891
1.0,-0.5363551750168305,-1.0,1.18382495360218
-1.0,0.02162767075890004,-0.8414704115029341,3.7594615053654223
0.743822556740481,-0.2470704484596249,1.0,-0.17887609876664137
-0.4506117013930917,0.18685732181323855,-0.670064943729654,-0.09638034065936374
0.8266380333500727,-1.0,1.0,-7.442497300559967
-1.0,0.09740707552398287,-0.9513245374253707,9.335107476456837
1.0,0.10389865819869093,-0.2655587879942536,4.1504900513031355
-0.16807461944086466,0.05206177074047513,-0.27873593918650763,0.22367606771655915
0.49676851544321377,-0.9228912692443365,0.1366670498724729,1.480002543009462
-1.0,1.0,-0.1259015952211502,9.714019243566547
0.14522370908709226,-1.0,-0.06131324547275652,1.9268102021556235
0.3119416602281584,-0.5196758748378076,0.2610650101005434,1.2320583902257582
-0.1906992684343236,-0.9315899320896113,1.0,-4.5028403883512595
0.17353290465865534,-0.2046931062703683,0.5572203856528706,0.43591450724674663
0.3207489413179907,0.4051808875318186,-0.23191535532467622,0.9087953892759512
1.0,-0.148956778984082,-0.5001791677337069,3.884231054668435
-0.441891286991861,0.2774259546894253,0.14305352652883685,-0.5139788050431213
1.0,1.0,-0.8544244486789274,32.25794927659586
-0.6682991449328513,-1.0,0.2110251243540855,5.237763953908709
0.5970847904017895,-1.0,0.34028562864409406,-0.9632110423524162
0.6570661085173815,-0.02179168416278432,1.0,-0.1705605629120016
-0.53208969548002,0.8683770852209298,-0.9308006474693642,-1.7742404056130712
0.47786868907051216,0.3832511231639337,-0.34966217647277076,0.6014377337432972
-0.28851775575273786,1.0,-0.3705634804125817,7.505340444633047
0.36262523178824857,1.0,-1.0,6.1666875608676195
0.1780199017301467,0.22869365413519316,-0.7419014108378053,0.05433343907472604
0.18251777767430255,-0.2870198293994959,0.10813430780828326,1.3979136658293392
-0.13214643676461257,0.809034921956159,0.7906697869837724,4.743427087970019
-0.7700553551588165,-0.04648091057375359,0.4879975808710213,-1.5631751897594783
-0.039592152955785,-0.473459752834158,-0.09357377863455474,1.0213760702267776
0.29456326420356604,-1.0,-0.4678467724270532,-1.7413003300436816
-1.0,-0.3218095965262413,-0.22542498579015469,-2.8548997685922424
1.0,-0.7914572470401657,-1.0,-7.455329002201175
1.0,0.5116935202559578,0.02365156950674918,6.807210173700127
0.465909268102763,0.5091138955316388,0.8019564883251065,1.83681403303799
0.9383393229233339,-1.0,-0.5859622919126439,-9.843570609802745
0.8273272376578653,1.0,-0.35160345637612966,11.736092104954611
0.5431053050168853,0.5749983638630565,-0.4943487244330427,0.32985405790678946
-0.27491534848553445,1.0,-0.09205280370356039,7.7897808339131815
0.9543505656315738,-0.03521687721961242,-0.4324357067823339,3.0893370382984036
0.033296487041489575,1.0,-0.3417661778814811,9.221742421452847
-1.0,1.0,1.0,17.02728661383603
0.08283883532738057,-1.0,-0.04933225498122695,2.802220725535131
-1.0,-0.7897461872130709,-0.9339797157307361,3.56623804057201
-1.0,-0.144277169772681,-0.10048270256813385,-3.49644123425817
0.1462091618165906,-0.07363581165679478,-0.12385387202311438,1.1600513065975633
0.09410685674696118,0.23326364270505362,0.6971262682324395,0.23499033274667963
1.0,0.3903699775183438,1.0,20.423603950083322
0.7967899821723037,0.23728714283451868,-1.0,1.333182842813658
0.7044837436144271,1.0,-0.037901040952678544,9.175659207593961
1.0,-0.793654776627537,-0.47551283186852333,0.8957802388212108
-0.3029240212427087,0.7822295496231184,0.3170141363247334,0.437838975584765
-0.27955635254623656,-0.7828851433769219,0.8763030870376216,-0.4823654039430797
1.0,-1.0,-0.578472660827483,-12.347870666826084
1.0,-0.5149523737873243,-0.5349753207268046,4.925557292542549
0.42475908210807245,-1.0,0.17825716463664465,0.8462640185105437
0.78651467848576,-1.0,1.0,-6.917046502532047
-1.0,0.02818499175843736,-0.3921221518957483,-2.756582819587573
0.19231960517784596,0.46202096090422606,-0.5460080458191148,0.40552896537736655
0.3290554832463919,-0.8897250009369715,-0.9165961406565859,-8.93308743387827
-0.8311829738874923,-1.0,-0.7541437935569275,0.7616652162094386
0.4929114194709314,0.8919042664343297,0.8813549340939439,7.40443922767979
0.1300352062821064,1.0,0.12997775169046477,7.113763037748042
-0.6453052544337607,0.5058103997578223,-0.38958095807204773,-1.9759643598916046
0.2690036996908205,1.0,-0.6400138943351406,10.48833272309017
-0.84119812135571,-0.4379148465919198,0.2133891439799842,0.17092495920632234
-0.725422682281093,1.0,-1.0,1.5380892745585342
0.39621065823794077,1.0,0.39141575535472684,7.985027630389071
0.9417136625056477,0.005145291707644883,0.3491822395223181,4.548205368719194
-0.752318598194538,-0.8202547582587869,-0.3392676793588889,3.2819269231644066
1.0,0.3845349969364791,0.8718767811099153,15.010887174610911
1.0,0.31944914170838956,0.979607173249456,17.335260587836004
-0.232975356953665,-0.29446376393812845,0.6258863827029553,0.12188860910561758
-0.7563265130119434,-1.0,-0.886675192913476,-3.258609467860442
-0.4160998081545111,0.9324569366785886,1.0,13.173379336111507
-0.2536590526155622,-0.4990505253668214,0.5870630976128417,0.5288308956017771
0.5594097746498821,-0.343415668955827,1.0,-1.9802116156328478
-0.10333239868278454,1.0,1.0,13.55623521545799
1.0,-0.8653045661783905,-0.3842269583778912,-0.9664079015988256
-0.49149307724778524,-0.5872655364450596,-0.655805001582384,1.3068241104754892
-1.0,1.0,1.0,17.46948582798924
1.0,-0.3347440057387421,0.912447115798235,7.0516595338107155
-0.9355579561003047,-0.6595915969665216,1.0,9.653644802674288
-1.0,-1.0,0.9794093660753047,21.758942452208004
-0.348044723566342,0.08623298366952059,0.6879281316657706,0.3995690030241048
1.0,0.7095505400663007,1.0,25.902470842403286
-0.232500641991912,0.9345296505822049,-0.06790316232125582,4.756120505458146
-1.0,0.6266271765860729,1.0,7.291786091388817
0.5572297276278184,0.26036525407111366,0.28379403743053455,1.323159171794379
0.24666970013245404,-0.273163401902361,-0.5515023710995999,0.44106354854094576
-1.0,-1.0,-0.6502278944102762,4.271256497467518
0.18891160614272096,1.0,0.5591914901931896,8.455534765350434
0.6308461455717931,1.0,-0.2620314067644707,9.236375659604839
-0.08583342407246808,0.5899085396800099,0.4096693021543263,0.1545179274552154
-0.8766955531893414,0.13303784420937692,-0.11029582148849237,-3.2948528558275854
-0.6104645553678509,0.35634048491312464,0.005503734020961826,-2.3456339613423363
0.41938643830372957,0.3108702661313678,0.12069626467162942,0.7143209794445945
-0.9497525639454787,-0.12452563648511794,1.0,2.9089649671090885
0.27716270990381253,-0.1341750680383471,-0.5797812159412827,1.54241778503407
-0.050731009326069554,-0.2884733457238875,0.9437661030673516,-0.9441296224961822
-0.04571435190706308,0.9755726148890025,0.721947081864764,8.898274935202638
-0.47219618644349626,-0.4937042208735454,0.28929594047386775,1.0498782357383016
-1.0,0.23832443069062337,0.3545413299507916,-3.859019254044258
-0.7013785167854982,-0.7834454368707813,-0.20678987136788862,2.776028167220278
0.020022983616845957,-0.5382112881561676,1.0,-1.6265038594062007
-0.5133837767312031,0.8543569797857486,-0.941247822858905,-1.967085316080095
0.28276766788976304,0.4035068784973994,0.3000270195910686,1.0995061176816763
-1.0,1.0,-0.512176040315006,12.084764512907443
-0.22240897415984562,1.0,0.6943098775082148,8.710689834896602
-0.7912249674941274,-0.3116602988800452,0.6715442303979251,0.7874459601783723
-1.0,-0.3729938266455888,-1.0,6.293456533837312
-1.0,-0.3790987513667283,-0.9837110956488209,6.349933196351567
-0.6373944175393262,0.6664292639470266,-0.347580344558728,-0.9922599275115189
-0.6143305062419295,-0.23427171784349343,1.0,2.365419962380798
-0.618079008484177,0.009727893881963157,-0.3428580609763605,-0.3920461525850639
-0.20017141727515453,-0.6589612285543118,0.5286080593977445,-0.08165202550976491
-0.9638403379464204,-0.09646834584584862,0.3971549315919747,-2.3012991303226324
-0.5840286397197623,1.0,-1.0,-0.2979797957344057
0.12621749384089154,0.009066633694868598,-0.16374572042032076,1.6372710679110678
0.21307820235821429,0.49957714413406173,-0.6836658930056101,0.3049885456076955
0.5367523971271293,1.0,-0.974902353855267,9.150093446581254
1.0,0.43459123987751647,0.8005003590294772,13.363552961711438
-1.0,0.024230908752111757,-1.0,11.043068000263123
-0.23374978111511746,0.4241523805930949,-1.0,-2.3585515768814833
-0.2967024805058378,-1.0,0.2652856962446135,2.8199595450426242
-0.6096138351078684,0.680484761641287,0.6754665905731363,-0.4748017058135727
-0.42629173919109586,-1.0,1.0,-3.3002153908817498
1.0,0.5169721416483362,-0.7788172285455863,8.278056909726967
0.3250073133944569,1.0,-0.9636703559728295,6.800949897676317
-0.4556824540262896,0.9886947844611589,0.32248289189699353,5.099906711462615
-0.09886960291800406,-1.0,-0.2058515494308346,2.4172820202055725
0.41542700430128243,0.9962346442184371,0.9343294049004509,8.758384178196135
-0.45321656829595036,-0.6722317141851342,-0.4851481921884411,1.2818595258101035
-0.7950721656791435,-0.44720356316071586,-1.0,2.0618466627274366
-0.8178561893721135,-0.12019527030700039,-0.5730649554049514,0.8819641341977416
0.5998763334706327,0.08434200709132211,0.89873324003868,1.1433062171204051
-0.18476163697556536,-0.538310980748536,-0.10898336521612073,1.0703016302245516
1.0,-0.9716272120116762,1.0,-7.567081511156488
-0.688846840144921,0.07685189259738112,0.7463651593864773,-0.9534804550133442
-1.0,-0.20203665595527354,-1.0,8.5581672700279
-0.6779812434810479,0.35997174170205337,-0.5115330559187792,-1.6817921344418094
-0.6314248676981156,-1.0,0.24223740728447485,5.099247752505944
-1.0,-0.4871211371022335,-0.6701077033806941,-0.1435719471888323
-0.512165484492078,0.2593979062004239,0.34347961906688074,-1.0180286524361208
-0.7590256874332191,-0.5183812393054792,-1.0,2.1882601493009157
1.0,-1.0,-0.923883112855969,-23.541937858347456
0.20142427143599484,1.0,0.6940352807915013,8.494086839367473
0.9927560957785775,0.3619523719176341,-0.7254964841286788,5.551502787160955
0.5050078245401353,-0.3255944045058645,0.6979193384136058,0.2740117381391728
-0.9019620816844556,-0.47927653131419623,-0.010262284186634663,-0.3114279337403371
-0.7287582529809846,-0.589000179469261,-0.9856945901258529,0.544436047330382
-0.5348994554849578,-0.1479822227978047,0.15065954449990437,0.10552552359129003
0.7489586797931365,0.6763051513181826,0.3442892018827233,3.1617677666811983
0.9790252541304425,-0.8204939043973742,-0.46078522512330533,1.0013415754859365
1.0,-1.0,1.0,-9.114372258166059
0.15557186528213207,-1.0,0.0761120829747377,2.1311489665474492
-0.21195661939299804,0.25662563465685984,0.9254837445791819,1.0809920716759118
1.0,-1.0,0.1422895538532405,-7.496052836884368
0.2118795657368988,-1.0,0.07542256147587101,1.750810009684704
0.7358966266948401,0.2594379684703647,0.972300990891507,5.043484290914417
0.976941611424001,-1.0,-0.1904053317479797,-7.488675985724462
0.1591856584839777,-0.17430147009798946,0.5037688502188111,0.6490683450757432
0.5984699179092019,0.504286479391709,0.23075926861730145,1.0403558748921031
-0.05313447963473039,-0.2823708374000813,0.4925388593043587,0.8311043161077728
0.880107748676797,0.6730069984752909,-0.9920016358670285,6.287369730225645
1.0,0.49373734986983475,-0.286145256597216,5.399600055498645
0.7735197167397796,0.8750160045372766,1.0,12.864432486144441
-0.020119916961123696,-0.4182072491756368,-0.3911375219190667,1.073203000061142
1.0,-0.7539459787610427,0.2179684934378967,1.9842530320639566
-0.7606170871602107,0.4307871670241403,-1.0,2.5747377043835953
1.0,1.0,-0.5172702559880835,20.04588020626257
1.0,1.0,-0.6959773276535175,25.993980013705137
-0.15462547623074974,-0.3248407792155059,-0.22541458576073348,0.8769730000696404
0.27839556810178157,-0.10729336920453925,-0.924969626900878,-0.7658649015160947
-0.28939555649137993,1.0,0.1629590591860559,5.907520774438054
0.23252246971939505,-1.0,0.9155688351000371,-4.591819443117753
-0.4325078444102688,-0.7094536928508395,-0.16907324695934567,2.260823973740047
-1.0,-0.060732321724032756,-1.0,10.590016969854355
0.8953677640351931,-1.0,0.5364264296765195,-4.664876430792409
-0.053471881074182104,0.6296760035384887,0.4605662137290596,0.3719998793279033
0.23808634741241197,1.0,0.2731593731916222,6.755723004682049
-0.5166387779183363,-0.317572530894664,-1.0,-1.039413573491371
-0.24346617464447773,0.8295174734555295,-1.0,-3.3352756321457004
-1.0,0.4467581623018144,-0.11963237056619502,-3.387646871124096
0.42443101172155884,1.0,-0.17277354099376852,9.241513945520207
-0.7800846038292208,0.8327396361223638,-0.8667837439812733,-0.2654405560082653
1.0,0.6738083204644745,0.6961753824620944,13.580617378921783
-0.68868463733518,0.09429272980003134,-0.9434273511882563,2.1690118301564314
0.7543612399263226,-0.424034026881394,-1.0,-3.8730635464198517
-0.6414079223091893,-0.7056296987451924,-0.5316380201625925,2.293866005024851
0.665881575118803,-0.5467334648595403,-0.2491399069443685,1.147852535915517
0.027408951272800186,0.22141467152232686,-0.07030409342850885,1.4717986934783185
-0.7150399959198463,-0.7007272217986507,-1.0,-1.597645175928765
-0.07441899471447755,-1.0,0.9473206516415813,-4.557007046468322
1.0,1.0,1.0,26.942973570138236
1.0,-0.020035027737084876,-1.0,8.558857708572637
0.0065535384706731925,-0.4354683816825673,-1.0,-5.041823756775023
-0.18955984761386824,-0.6119104371752648,-0.4596549269405448,1.2464657727050668
0.570915919516487,-0.5369396073285555,-0.34839871236796327,0.4602995455528034
0.1008136977256815,1.0,1.0,12.23623322793016
0.7233261240880589,-0.4726872873489898,-0.0716896576577839,1.2401829693117372
0.571007188210316,-1.0,-0.13083406803111464,-1.1406829044478344
0.06707422025621135,-1.0,-1.0,-18.402005977879178
0.3312608431746442,-0.8911048446857834,-0.05756509733342874,1.771972077939036
0.9889023312503282,-1.0,-0.9867938724338627,-28.574376095964414
0.4042510646414317,0.25999433827154017,0.9440664069143805,0.25450451259059614
0.2047097452929667,-0.556204275247788,-1.0,-7.387715475570559
0.49470393958488246,0.12396169158725834,-0.05014184861575521,1.1783128362037996
-1.0,-0.5824888692928512,0.14495369562517757,-0.4423285947849782
0.4591019192204764,-0.8868347779061594,-0.1567677044194553,1.4611404981986071
0.16236083455624284,-0.050036180431521915,-0.5071372296506529,0.5925065716486874
-0.39594576873757115,-0.17900540761902972,1.0,0.2165428506046584
-1.0,0.3340611849307098,0.39022796369938706,-4.528174514606202
1.0,-1.0,0.011168497424567603,-7.720451487204553
-0.09927895977198098,-1.0,-0.23423580106953046,2.18950099873565
1.0,0.5895968614100642,0.7546826820001438,14.239804891735545
-0.40441942774218065,0.9561425922226683,-0.24716252365664704,3.9653186003564755
0.8047609494858914,1.0,0.04670083283160276,8.839749324368837
0.21570312734769992,0.4193501078031445,0.6278947055156152,0.5602667925482121
0.4513594726344514,-1.0,0.9633280047736439,-5.680871548555259
-0.5302283166314543,-0.5250467300891442,-0.6658448083043707,1.554137286407486
0.5598053783560066,0.7176060298540925,-0.27525945625190085,1.8261999050670905
-1.0,-0.7610814079491124,0.10795509473309095,3.0724742136369874
0.9407563585669307,-0.27862154219777757,0.4826435223731773,5.234280189793175
-0.5318289464674502,-0.6680372031840087,-0.13790037500688124,1.1954416855584427
-0.3645548733012176,1.0,0.19967266545392248,6.363078200483705
-0.9752247530263838,0.1440630706881061,-0.23876455496559523,-2.940926472194546
-0.17022725511446146,1.0,0.19490311033512553,6.529953787727847
0.3019889494096373,-0.8983711170347095,-0.7109075161003793,-3.33196758077669
-0.9212675723074288,-0.49050089709496003,-0.3634625849693287,-0.33736256712473073
1.0,-0.5068018464291786,0.1933249218659454,4.171222523461181
-1.0,-0.9234572311694975,1.0,19.112437280421005
-0.12141074836196375,0.31832277065021297,1.0,2.948904476186172
0.4722497154800578,-0.32741103129886073,0.47197740632322227,1.0378583432545068
1.0,-0.7479626133545205,0.03849215406152018,0.8482821512317241
-0.3265166724587265,-0.6470414236991271,-0.4863367785404291,1.0306727348355804
1.0,0.11979552903378266,-0.8708437272139762,8.251567152341726
0.8380496174275343,-0.7603835667728216,0.4072110469758623,0.010451702006282704
-0.2816838120988754,-0.32983203168516084,1.0,-0.5234224175099517
0.2631789727590592,0.3263763110154936,0.6356769938381286,1.217682532036065
-0.7484434104937943,-0.5320906333691766,-0.29540202576274077,1.8825092817962694
1.0,-0.9421599379524446,-0.012985548252672618,-4.6215793329075545
1.0,-1.0,1.0,-8.985694720606809
-0.6700574960624601,0.7871566434729773,-0.28843687478592606,-0.8539730354848948
-0.05824053811719443,-0.03128879642197124,-1.0,-3.3280359987706714
-0.1447657849644457,-0.1037785068997481,0.4338687985382561,1.0463338180240687
1.0,-0.49077946426209706,-1.0,1.646304764135321
1.0,0.990762110090228,-0.2540004657529178,15.83402482315357
-0.36924377645552453,0.9780509229745626,-0.3604538531857142,5.942455699446501
0.2305606802226794,-0.6155984124727336,-0.4976098642174971,1.226905391315746
-1.0,-0.2241189749688055,-0.3554867980484808,-2.8121667271783886
-0.35265000726784956,-0.9810410680736266,1.0,-3.7983392213693463
0.048538135636121194,0.805714577749967,-0.5693134451017228,2.249165936861176
1.0,1.0,-0.4766651108010922,20.266847664164388
0.4049128539391422,-1.0,-0.68588349396752,-4.983504905269085
-0.9086336617436648,-0.8939533189237843,0.8378638306781887,10.413482109282208
-0.14881073867561168,0.9300956815544443,0.34295000560739974,4.110607106177335
0.48521282304521507,1.0,0.15201902528083444,6.933171278980949
0.5359882164798602,-0.21065277756292433,-0.879962512530043,-0.050703539333838726
1.0,-0.14968658404374557,-1.0,7.290227646033709
1.0,0.6235961377237249,-0.2690784448759216,6.211841564595539
-1.0,-0.5546442352490426,-0.6230836511478237,-0.008613425808301184
0.7407360502107687,0.07682924440953465,0.5382043460462544,2.8638180299769433
1.0,-0.1376991283499185,-0.8616741761432403,7.314531624605014
-1.0,0.24944894185703403,1.0,3.4571366623780073
-0.21142461666475754,1.0,-0.17996368790306083,7.30990283185752
-0.8389620345514901,0.3862990480012889,-0.38001862845766654,-1.9059026382625515
1.0,-0.41696056318591346,-0.5845426991245319,5.784126688532644
-1.0,0.9526028104621753,-1.0,21.127740881331988
-0.4497690288240792,0.9753074949176879,1.0,14.589700407260448
-0.29087958577545137,0.24395922448773377,1.0,1.9696998255639258
-0.3890304197750729,0.745031462045173,1.0,8.520418707381015
-1.0,0.87484274667128,-0.007281176408385326,2.5531150203813744
0.3404953310786072,-0.41223113443524384,-0.29088395805344125,0.7342628337686196
0.2596606648189559,1.0,0.7632239030702619,8.889214833180946
-0.06798702162547055,-0.02404672158391663,0.10957270348960213,1.1606298057569497
0.7283313866965688,1.0,0.5419340074769168,8.334886431449961
-0.6080317901774459,0.8387770499181284,-0.7519285636736199,-1.1436585913633759
-0.3282155223651657,1.0,-0.9194218656226036,3.3987813870634866
-0.4021190244883839,-0.08857826445522377,1.0,1.2774513734216006
-1.0,-1.0,-0.9050340290949277,2.689546353708521
0.3080989856317955,-0.9336143318087611,-1.0,-15.517058654355983
0.5457391515494905,0.9991692245886041,-0.3208182792357439,9.780147500364023
-0.6913427310103575,1.0,1.0,15.825900459719007
0.08212788869690635,-0.7298711539590714,-0.4789671465090226,0.7538831718901876
-0.5233798013360131,-0.9719556047519524,-0.24195203417555167,3.478518223196227
-0.0022385824420894096,-0.17252321209003507,-1.0,-3.2455307834301133
-1.0,0.2534279853748469,-1.0,15.01067160939841
1.0,-1.0,-0.9043814824224921,-22.418680751503565
-1.0,-0.4609548835520658,0.6772042883567146,1.224966428867918
-0.09702996110981954,0.10441649733089231,-0.6073234457297405,-0.14154741602898518
0.9600387297715358,1.0,-1.0,33.05679246885468
0.807581136008586,0.8812018315889982,0.5663838963777268,7.179954002708192
0.9823359971225492,-1.0,-0.7480948996760863,-14.77182719403219
0.2794656437053262,-1.0,-0.45266892279565507,-0.40407764725142487
-0.5342083191467757,0.9336693576164832,-0.2090266989091656,3.603269829620306
0.40150150124154393,-0.8891569736946314,1.0,-5.716891926663923
1.0,-1.0,-0.2427891452887192,-8.42677617943576
0.7495872831297454,0.04620957824424621,-0.12918051909320094,1.338282193260007
-0.8830202963169367,0.5080629426389676,0.6342209043517679,-3.41863500723446
0.4454673128922728,-0.42135684578034294,-0.1937473077007812,1.0973826722690676
-0.028156611550193444,-0.699570931945309,0.06128954740572867,1.7760159380923923
1.0,0.31628819977099676,0.9952626271559197,18.877267838712882
0.5259690473823775,-0.7779144283731387,-1.0,-11.096753896985328
-0.5739845270978792,1.0,0.46988531432475034,5.2637147067253265
0.40259045347004574,-1.0,0.3618960404290712,0.7129487140420367
0.1283837479972163,-0.6561977206215968,-1.0,-8.404967607362494
-1.0,1.0,-0.7824954938812192,13.386479963377216
0.13820967844728993,-0.9715659910950414,-0.9353714874945316,-12.268474414997018
0.2611794309096158,-0.09658617890268606,0.33436634726412473,0.905243089234368
-0.675946450706034,-0.06139143848684214,-1.0,2.2533650864508172
-0.6176784649422489,0.5035946820122446,0.03669583712755031,-1.5944941288882706
-1.0,1.0,-1.0,21.68045874250642
0.07735286262472241,-0.09036375082638237,-0.052792029626652415,1.6126335837460286
0.674124626174254,-0.6078288966822991,0.5453195220054703,0.6581151245784256
-0.23807363643355162,0.4114426446421453,-0.36805464579810376,-0.5213485124019893
-0.38850880714133074,-0.312513690259576,1.0,0.3313533662087993
0.17471529989121581,-0.5625197604299914,-1.0,-6.165193861485625
0.7854634663474136,-0.22113099677659243,-1.0,-2.2683497392158185
-0.09207093992870097,0.29827954871846685,-0.0890575074830886,0.37324188237429246
-0.03070431197418877,0.27665867883932127,-0.17173292977970545,0.43885822640093364
0.18708397644394048,-0.4633788350227137,0.07210437605526687,1.7001812488568118
-0.21707010625046297,-0.9829229438025522,1.0,-4.7407918347916915
-0.0011316974860995366,0.35599787133955796,-1.0,-2.769205934817904
0.6307089666554859,0.5610572969241365,-0.5975816891256718,1.0777447360072308
-0.2953981534849115,-0.022250814468315117,0.3327699209667392,0.05367246704390914
0.5767808201678073,-0.7720209803866296,0.03671723965424678,1.56513546725783
0.6988217839573687,-0.8471314781711039,0.8567618547584146,-2.4677322586058046
0.22053125982142796,0.13391377063445264,-0.16973040559879093,1.2878024057595727
-0.6095911985893512,0.8292214471477939,0.08592646607987442,-0.08747993142471694
-0.18232533906816584,-0.45887489349320965,0.6982324505331665,0.17372396100477025
-1.0,1.0,-1.0,21.530739428888083
0.005594575669096491,1.0,0.03875012378393672,7.336056594901245
0.4725157993664695,0.8909497494107435,1.0,8.658615813143186
-1.0,-1.0,0.25718707595925716,8.983154831552946
-0.16680491052324475,0.04663148566877373,0.2781461120698123,-0.04654077370269992
0.2918839638359574,0.9126286581540448,-0.7321685128105699,5.787447520917764
-1.0,-0.21749920457263094,-1.0,7.678635355880213
0.5907080541869862,1.0,-1.0,7.887479998297623
-0.30506144256052203,-1.0,0.13032463616763046,3.525547757735036
0.8457195417503875,1.0,-0.14537615888272692,10.914941426477478
0.46083085232241006,-0.08748989182550271,0.6036410472850178,0.7429744567355685
0.38115396945367874,-0.8831015293240687,-0.01730965129223483,2.103042829609903
-0.8515869637564601,0.46660988771908984,-0.6235144163548332,-0.4873040147060619
0.8732420136669758,-0.4706821713039826,0.5363551402090736,3.0661996557778184
-0.413560475044529,-0.3362773226532918,1.0,0.5862064494650454
0.005807481295879935,0.9510111762889188,0.2513118926888358,5.202989147354198
-0.5762845443100866,-0.08786617107574912,0.01688413981859549,-1.3875511750545735
0.3637882113029496,0.9633078120350711,-0.6580664457888055,9.074337150935472
0.178130432389223,-1.0,0.5737094457373368,-0.44659354811480223
0.3805700382536188,0.05616525688062701,-0.6520794084341479,1.0598444099449058
1.0,-1.0,0.5824210477997407,-7.194800236674656
1.0,-0.14363176892113438,0.054381088467466254,4.52590052893085
-1.0,-0.6035863832940858,0.0932237748946454,-0.2026472094672313
-0.46505459372327596,0.12424867322581945,1.0,1.850007642768632
-1.0,0.42460873675905075,0.81832624034226,-1.8076526497884358
0.10636880288244299,0.8970815272405206,-1.0,-1.5850149075561462
-0.47424033541292054,-1.0,-0.6883957838397601,-1.3744539134217173
0.40315149743404466,-0.9846952595686125,-1.0,-19.615622593449878
-0.49349391975272905,-0.7143839553452298,-0.7928768075894075,-1.3661778418655781
-0.05933588004593138,0.3771762590030945,-0.37176610509107433,0.4242247185200846
0.7454863463703725,0.8888924901142785,-0.2223270152833059,4.857041824829549
-1.0,-1.0,0.7162862403633214,16.488736931381673
0.32229213808296686,-0.7188938443106221,-1.0,-8.89519316005927
0.9387380762293276,0.34585620717637755,0.0295226928093284,4.448834669892182
1.0,0.34233439233635754,-0.11116319297751742,4.763110188910044
0.023415275040896466,-1.0,0.2611240498339573,1.8506868399232344
-0.5665823045849967,0.2129593280870965,1.0,1.875584982461132
-0.03826845654289501,0.23073342856836399,1.0,1.7710789497297517
-0.9014699092961422,0.43877977727464645,0.4944180325791423,-3.957378804009907
-0.6490433333432863,-0.9818719422099418,0.8366257023172368,2.7377731086645567
-0.3776332527184938,-0.5501246192542766,0.4585849649573701,0.8733179466842915
0.28442820246398925,-0.09218216438151305,0.5321444816080498,0.5446403333132419
0.038859526307214454,0.2279864265478937,0.2781319728953142,-0.1318727670356276
-1.0,-1.0,-0.7427375163368748,2.9468466631598242
0.7051145023937726,-0.14022554977473578,0.7936552589204966,1.5751410234957297
-0.08985528492600614,-0.2620635995063971,-0.01179851920457664,0.7976922206601998
-1.0,-0.06650520607751242,0.21454559623403524,-4.307301317970893
-0.3601358174152438,-0.28269298303938517,0.8360229039165223,0.27639908987126605
1.0,1.0,0.5061413206910403,14.176353626082394
-1.0,0.33258173829086934,-0.12155510836724992,-3.047208940302404
-0.6823904480419489,0.09464587693358184,0.6997715943294105,-1.4025414951952542
-0.004911342588350465,-1.0,-0.5125389809001542,-1.0088509506647423
0.47525400678442464,1.0,0.8333988796517369,9.532473711885777
1.0,-0.03262790002648264,-0.7749495613278945,7.420950491728833
-0.5867921419548281,0.3194201807468171,-0.373628569887158,-1.5407153486369296
-0.060783041559086426,-0.2764155459590085,-0.5168396825815551,0.9813934581677156
0.6017426017189826,-0.9413704476785463,-0.24536324182480884,-0.3045096020085136
0.2448571400735191,1.0,0.4849886181776506,7.700399155799998
0.35533309010544034,1.0,0.24177873988944842,7.681633171089918
-0.5360124803479633,-0.1632384899478314,1.0,1.3397651706005864
1.0,0.17394136387065728,0.15508095956838508,5.969238780819235
-0.12432430677598849,0.8634682724055189,0.23387998339863336,3.068872511076461
-0.5608011259452208,0.6678230398086604,1.0,6.759816227077772
1.0,-0.03866091466592203,0.6156054370369002,7.002539141637131
1.0,0.13576247440904043,0.9090777500867182,12.54699470605042
0.459668152666014,0.062217641072843,0.9526701815479757,0.04787355860026778
0.7217670222983201,0.8144617227378268,-0.8228555302925713,4.483984226254453
-0.06338083688687113,1.0,1.0,12.893322540331233
0.5685305020230105,0.22771495329136981,-0.11331283059160824,1.99168098876167
-0.7181598113023175,-1.0,-1.0,-6.9863152662895125
-0.9167339866088839,-0.9133286947662862,-0.05573280007582415,6.218487512937672
0.06561952955389994,-1.0,0.2838530230842995,1.309875895267893
1.0,-0.4673116153246317,-1.0,2.2743991355822453
-0.4166419182869081,0.03343377269808312,-0.726748855773951,0.06891475503651713
-0.05800983063090137,1.0,0.335376842779574,6.644890955621713
-1.0,1.0,-1.0,21.716398565537776
-0.7481105936387971,0.9308476149570493,1.0,13.259103229415857
-1.0,-0.2865438870828234,-0.2227758286815953,-3.007686509638657
-1.0,-0.028185919098421497,0.2915401357591534,-4.219804052223825
-0.24263473395396762,-0.4849656782088756,0.15915246030414387,0.2014516987879149
0.435900326769457,0.00616437843508133,0.9156422624957097,-0.5868554034820029
0.6189065990261067,1.0,0.243362424416526,6.252904824879143
0.5183203688728695,-1.0,0.5287924771929475,-0.9659658975752262
0.8116124470300652,0.7096099276816201,-0.42920701595372845,2.9068917581601244
-1.0,0.189173185863718,-0.12414490342071383,-4.767253263593993
0.6139132247924686,0.6634809892151909,0.7190726411842159,3.502387769871344
-0.3860941197263461,-0.19283112244954004,-0.008991881207324637,-0.13323797532817222
0.27545090268124506,0.18319868905996683,-0.011214574350046691,0.9872357015253694
0.08921740441285686,-0.13828070126172154,-0.10284062747540434,0.8673517678743776
0.05333688653476232,-1.0,-0.9192966213629501,-12.050186713808166
-0.5806774709250926,1.0,1.0,16.471262753644215
1.0,0.9473264668023511,-0.7274636285108125,20.531277366136347
-0.8348617535140017,1.0,-0.8137126348322437,4.499442997579796
1.0,0.05199214466945734,0.07628460979862273,4.707046603679454
0.3268484272075307,-0.1983496964423026,-0.024482912951823144,1.1555098951773595
0.09768270642596955,-1.0,1.0,-7.231062866564249
0.42660739770948575,-0.5956884663577247,-1.0,-8.468215295624308
-0.5224982742364113,0.6746458042664305,-0.8145941808396913,-1.450352642934233
-0.8838244668774131,0.2855547451871332,-0.004654312193114629,-3.6400256585187702
-0.9013000506443405,1.0,-0.8374148889775039,7.20324388298383
-1.0,0.18792688574915184,-1.0,13.793811451272356
-1.0,-0.4562096952522239,1.0,8.407701498949578
1.0,-1.0,0.2167561427955127,-7.511434046062027
0.6085057544340409,-1.0,-1.0,-23.774044148771242
0.7383593467791065,-0.12560145005599677,-1.0,-2.0017017187271993
-1.0,1.0,-0.29146054117878517,11.182371293041557
0.4218216797021703,-0.3518040605071384,-1.0,-4.1734091240967075
0.19511961461737615,-0.4151505378916778,0.7251572297412694,-0.3910482115541293
-0.37282432029426116,-0.3918127101499216,-0.5647341467275422,0.11840298435749463
-0.0776768912913286,0.22952919602635125,0.18173904184878098,-0.4499998885411586
-0.9585039326348517,-0.07745646687644125,1.0,3.816404324432766
0.15623961852566648,-0.6849432401454381,-1.0,-8.066640058352807
-0.24216412331861936,0.09877181217435393,0.040538025231302566,-0.26022821666140783
1.0,0.5116211653780303,0.12770630783378567,6.606480832564024
-0.5671285706521532,-0.6865670104024375,0.8874274981489625,1.6326596785687182
0.9724421953498623,1.0,-1.0,34.479570267224744
0.41174472934795303,0.6693654769608308,1.0,5.43619108919933
-0.41688083248928676,-0.9337454743912945,1.0,-2.0717415119004627
0.5135906314876972,0.6559577439387461,-0.5126885283434965,1.049535870049234
0.021972757981191915,-0.8485146700039057,0.13064113192153615,1.3065667564510524
-0.5372916487118138,0.4171022394533632,1.0,3.464259150968777
0.04137398752597865,0.21102213535329484,-0.0829649983200278,0.8555900985791418
0.5922735048897028,-0.2958631367373017,-0.9663179495104697,-2.665934580913363
-0.0004952166163156857,-0.8785173849428445,-0.7748558191667261,-3.213289733521716
0.02518244299325123,0.22586881904628453,0.8946523512761793,1.1819792926606163
0.3864865357314735,-0.17671241886946265,1.0,-0.9460497366863735
-0.7790183928097165,0.29123496272982674,-0.036719384173843794,-2.749454635096679
-0.8186214921936077,1.0,1.0,15.839030994403503
-0.37331725677293925,0.6612212576585197,-0.07335305702226358,-1.740297132735509
-0.028342715587375666,-1.0,1.0,-7.141123291998197
0.3367541051910936,-0.05158215840973712,0.06490387586086044,0.38665690445110945
-0.25790054695248066,-0.6285202221765283,-0.373720687256917,0.760638275429774
-0.5177593802479623,0.6057647882462178,-0.7308863834160881,-1.9990415401539074
-1.0,-1.0,-0.19667599353788057,6.620754269832671
-1.0,-1.0,-0.8006367406062842,2.420747045180745
0.8877002815829096,-1.0,-1.0,-28.585617928722478
-0.17697947707215622,0.15594305708112488,-1.0,-3.2434162892760074
-0.10971445925066603,-0.9517298608640077,-0.1878308748771682,2.9997164385299144
-1.0,0.6973343106216043,0.6020141110677115,-3.643362783280583
0.08804442854806038,0.417556653101383,-0.5575844318718675,0.08698354102602285
-1.0,0.21082953766383894,0.03788284361026317,-4.7460620115350505
0.014085863312356173,-0.5530992076223022,0.5809512923906475,0.275062614720473
0.1439518470604828,0.507312259412664,0.8450494297651518,2.742341879742792
-1.0,1.0,0.6593381417431816,1.1593893837081142
-0.9471734874769202,0.7889133410787978,-1.0,13.63298670410596
-0.7493208252132775,-1.0,0.8794302025657759,5.022094539603519
0.8390390556160958,1.0,1.0,15.839896600839335
-0.041550792712688356,0.967959592978042,-1.0,1.32674871556556
-0.5931445798010746,-0.8056778736265715,0.35455290858302546,2.485006028968993
-0.897886197268003,-1.0,-0.3051262114557618,6.792896243778395
0.6697478853250569,-0.6757950305842335,0.20416862018626403,0.7599140997819818
0.5629363230704876,0.052930521144790355,-1.0,-2.6347474520533654
0.40181787200717367,-0.5779751202994825,0.33829462854890946,0.4758757078610345
0.8747209870079422,-1.0,-0.13500583628385798,-4.7608860259976895
-0.39937116699831354,-0.26592395465600016,-1.0,-2.1796187600312193
-0.1772940274950101,-0.6081326298239442,-0.9382221732070168,-4.722310419738713
-1.0,0.8139175459644661,-0.5975877727187857,6.193723461262056
-1.0,1.0,-0.4281873979177373,11.41348108346216
0.08544367580931889,-0.9244169112269363,0.44983801740140694,1.579986851202857
0.04572442777736674,-0.7347696404866915,-0.5699024671568882,0.7533685803794038
-1.0,-1.0,0.3114869696702669,9.910707058397398
-0.9983861296494427,0.6863854621744938,-0.34270762804130195,1.541430664459479
0.7955158891831,0.12522855922921017,-0.8614088855481106,2.3275026926355533
-0.35446809987748074,0.0007261789926014117,1.0,0.7557528347497758
0.8456873465847212,-1.0,-0.9310229514129265,-22.17472901877953
-1.0,0.351673104599294,-0.17945433866834537,-2.9981493903869385
0.12333817585516371,1.0,-0.11629327937982037,8.496385844678137
-0.36660108773943567,-0.6763086805884411,-1.0,-5.8954033017479786
0.2688104799929514,0.30668435198949573,1.0,2.2084807370492943
-0.2536248875627669,-0.7045486780955421,-0.7799578208572888,-1.9248108107726338
0.6554166273854527,-0.014127537817818725,0.25141266688250963,1.9549460760452881
-0.6635157446517777,-0.8089702937091239,-1.0,-3.393071845603028
0.10854890695942832,0.7509682170651595,-0.027511378255985708,1.0226544645094164
0.9358071863614628,-0.29838640536480576,0.328665992600943,3.458186189612569
-0.9530916591253433,-1.0,-0.5624832116295211,4.969992205315899
0.4615916928937642,0.0996970688195884,-1.0,-3.36596925666091
0.2715061572300581,1.0,0.46385338937551435,6.9584376511503265
0.06964216077175367,-0.07788017019170801,-0.2213739956451517,0.804302516642986
0.015230831109126042,-1.0,-0.3643132053606817,1.5839032076170052
0.5342484527674141,0.6725604946790176,0.4231163211426532,2.7391411882897647
-1.0,0.29441835030122143,0.12923548270188112,-4.701730876301177
-1.0,0.8417364052280218,1.0,12.464270112840369
-0.06995594791837267,-0.6670108881737566,0.49601487537898903,0.5136424554640884
0.19869112085643414,-0.3174867981751479,1.0,-1.9684597763967429
0.4659708131080771,1.0,-0.18383866166738305,8.118573549506541
1.0,-0.5974890445247807,0.914631987292513,4.503198098823285
1.0,0.13505940668175698,1.0,14.52029652963057
0.3108973257569705,0.4536511916964423,-0.11763999211372056,1.5326016453634046
1.0,0.8089772638795405,-1.0,19.560278066654703
-0.8843718870479254,1.0,0.08894684461775237,4.371086476838719
-0.33837096300752867,0.5362605451978215,-0.9230142871659341,-2.894532191812249
-0.7923725859578854,0.3066959764504178,0.49033963530860714,-2.1307873165117437
1.0,-0.8911756175949876,-1.0,-13.74111917382159
-0.8735350773077786,0.42461795210345477,-0.2056845749315135,-2.976294545777856
0.6358058501536747,0.09853778783979328,-0.31389143109070416,0.837822463240704
0.3912273493725227,-0.09717293985475406,-0.3523522959330574,2.25230798142983
-1.0,0.20187387243607335,-0.003919674429691433,-3.8063378161426136
1.0,0.354200081251546,1.0,19.3075379545263
-0.7505692028047706,-0.7473451568181588,0.11726664531583642,3.1288711706948513
1.0,0.07265700080906679,0.5475811678856992,7.152895458340101
0.06741822229963224,-0.21903692548696285,0.768639805468075,0.5075608761977133
-1.0,0.5492302945336593,0.4128336849806098,-4.023218648992909
1.0,1.0,1.0,26.065862934937183
-0.5487291175947375,-0.228218218750893,-0.648911890742311,0.5287972034960062
-1.0,0.9812260137072728,0.9589432175956751,12.52501077406818
0.07403648679799701,-0.9974675149009748,0.5750160461449285,-0.24091763282279965
1.0,0.8416459179253599,-0.4567976337140356,10.271350726931896
0.25347878469790386,0.14646620272858457,0.49890267677441513,0.7319446569247425
1.0,-1.0,-1.0,-30.32905128983384
-0.4731782810826346,0.6116011690888858,1.0,4.992708265221366
0.20454287777476532,-0.12020758116820174,1.0,-0.38888365840914807
-1.0,0.14521195792109665,0.9614144895521872,1.7154460546995163
1.0,0.27600828800515376,0.23553007592626196,6.640518872525997
0.7466459496283129,-0.5562413519050193,-1.0,-6.895463539654683
1.0,-0.12555194829112137,0.2568586227774814,5.108905443782122
0.32979991581704415,0.025481872144087925,1.0,0.05785071177659079
0.15491844071891925,0.6684994048882935,0.5671029522263908,1.5191748722767475
0.36234183800055275,1.0,-0.07512621828674071,8.181214203414626
0.44232566296257847,-0.7936020283096061,1.0,-4.1491855091101
0.14117060496054323,0.7760930055220958,-1.0,-2.780176316608036
-0.8239811181788625,1.0,-1.0,5.282770000758964
-0.7169072719254692,-0.6734682138135142,0.21861003228966647,2.2972570277303346
0.5065648315506446,1.0,0.2923678544440569,7.291596854862187
0.15139211054474377,0.3902472303880913,-0.062079423770388775,0.33201309870864665
0.9696819204587155,1.0,-0.7222620772913213,24.36803320476621
-0.8254127513582008,0.5826691770996859,1.0,5.505973722166167
0.7832998528864485,-0.6931314497352927,-0.08151318195258295,0.42689903583204314
-0.6141010285108002,0.9724918881886195,-0.838695162603313,1.4929601430786137
-0.0822949418647696,-0.28283551082027714,0.4193020884846881,0.9807604265303145
1.0,0.09307754865127116,0.24410257951268033,6.1831204440528635
-0.5855671503058275,1.0,1.0,17.70697196406616
0.10163264723475107,-0.462179544556901,-0.3494442291381743,1.2329837235480812
-0.4306037484739693,-0.21414566651219435,1.0,1.27247219579453
-1.0,0.8352799070277892,-0.2474332231090739,3.532856232847948
-0.20158187222104673,-0.46779742244084677,-0.7497705533279511,0.11089543437690655
0.3451944081791538,-0.4287469890923965,1.0,-3.0694069880384154
1.0,-0.7872371312029027,0.33316447775772096,0.6004771182479143
0.2664099053169444,1.0,1.0,10.662639849750176
-0.621245094201331,0.889072218722315,-0.14517132557319856,0.5418885251264836
1.0,0.8532569329844522,-0.728128104952456,14.384057099701513
-1.0,0.9969401848694095,0.7845900751744264,3.2586538938186886
-0.08134170549462749,0.5648645280882187,-1.0,-3.9688431423517545
-0.5570492336335655,0.31938888289838396,-0.8452740327066488,-0.9918750167182159
0.09353421970530107,0.35727722827238684,-0.5724279974850905,0.06329965112341163
-0.5545449854636086,-1.0,0.44243334639271037,3.950257081459252
1.0,-0.9780404883654645,-1.0,-25.76456569030234
-0.10689677171178169,0.28217888656536383,0.031400641079757596,0.4298838573749819
-1.0,-0.3844403602435509,-1.0,6.302488907792398
-0.15809792709555204,-0.1401195026791453,0.7201970126891413,0.6712390896665645
0.9082952619003197,-1.0,-0.36412164327004004,-7.23542064784857
-0.22179892946993052,-0.6813779398630577,0.22525403810188394,1.4618837953756616
-0.9693471569350127,-0.32798457163356565,-0.1543711234613221,-1.7313864985834846
-0.5296022899129631,0.6056954147394935,-1.0,-2.377316513537299
0.7508377001000972,1.0,0.7259028451193132,9.538644626997705
0.5905539622154605,-1.0,0.5577206439225664,-0.5814481130028838
-0.30251787273897945,0.3731024555252911,1.0,3.294195040510559
-0.7691446067860521,-0.35468189818228346,-0.3072015910050454,0.5518818519182166
-0.3590361371580377,-0.8311905828805612,0.026090724610214,2.790398415592424
-0.4643616617999009,-1.0,-0.2682662756146308,2.5943272287535732
1.0,0.034623464326831055,0.651145797135706,8.336205150758381
0.10867752002904907,-0.1550578041445998,0.6663933393458752,0.7155300584451121
0.6584393852123902,1.0,-0.256310199159723,9.25648541287553
0.09162921858264594,-0.38143473802230243,-0.9354408518705974,-2.4713855125659796
-0.4439482164168116,0.10674020264439599,0.04009972300685538,0.12396906640542371
-1.0,-0.028875635511748543,-0.5929960692544565,-0.7354043245967736
-0.9376663799565665,1.0,-0.10639027999456419,6.206749016712702
1.0,0.6017957316114717,0.05007227267263392,7.794522735137372
-1.0,0.8485087786956467,-1.0,20.50945948584043
-1.0,-1.0,1.0,22.163484982940187
1.0,-0.08511593217912194,1.0,11.392339311147065
0.5174617540441906,0.764929286846596,-0.8941936891849842,1.309030267735175
-0.5921298584867152,-0.7957929025847752,-0.03636389340657864,2.0173589171430044
0.10720341565353708,0.24466545450179167,-0.2752969485499013,0.5037752353312055
-0.10659328440166882,0.6456688921183604,0.5336284061854601,0.5210870606835167
-1.0,0.2822844232449233,-0.6927095198826878,2.1419176079150395
-0.1512967581388871,-0.17649082685231687,-0.3807760050796998,1.4541754536358333
